"DESCRIPTION","DURATION IN MS","NAME","PARENT SUITE","START TIME","STATUS","STOP TIME","SUB SUITE","SUITE","TEST CLASS","TEST METHOD"
"","4831","I24 - Clicking LogOut should log user out of the account","desktop-chrome","Mon Dec 09 22:59:48 GMT 2024","passed","Mon Dec 09 22:59:53 GMT 2024","Settings Profile Tests","07-settings-profile.spec.ts","",""
"","5980","T8 - Clicking Test Voice State should open debug voice page","desktop-chrome","Mon Dec 09 23:04:32 GMT 2024","passed","Mon Dec 09 23:04:38 GMT 2024","Settings Developer Tests","20-settings-developer.spec.ts","",""
"","11462","I26 - Delete Account section tests","mobile-chrome","Mon Dec 09 23:00:26 GMT 2024","passed","Mon Dec 09 23:00:37 GMT 2024","Settings Profile Tests","07-settings-profile.spec.ts","",""
"","28390","Videocall testing between two users - mute, unmute, fullscreen, expand/collapse call","desktop-chrome","Mon Dec 09 22:56:43 GMT 2024","passed","Mon Dec 09 22:57:12 GMT 2024","Two instances tests - Friends and Chats","03-friends-two-instances.spec.ts","",""
"","1922","A19 - Install Banner validations - Dismiss banner","desktop-chrome","Mon Dec 09 22:50:49 GMT 2024","passed","Mon Dec 09 22:50:51 GMT 2024","Create Account and Login Tests","01-pin-input.spec.ts","",""
"","6123","T5 - Highlighted border should appear around Exit DevMode when clicked","mobile-chrome","Mon Dec 09 23:04:55 GMT 2024","passed","Mon Dec 09 23:05:01 GMT 2024","Settings Developer Tests","20-settings-developer.spec.ts","",""
"","4765","O10 - Clicking the backwards arrow should revert specific custom keybinding","mobile-chrome","Mon Dec 09 23:03:26 GMT 2024","skipped","Mon Dec 09 23:03:31 GMT 2024","Settings Keybinds Tests","13-settings-keybinds.spec.ts","",""
"","5562","I5 - Profile picture shows default profile picture until custom profile picture is set","mobile-chrome","Mon Dec 09 22:58:41 GMT 2024","passed","Mon Dec 09 22:58:46 GMT 2024","Settings Profile Tests","07-settings-profile.spec.ts","",""
"","6736","R4 - Clicking Open Website should take you to the Uplink website","mobile-chrome","Mon Dec 09 23:04:10 GMT 2024","passed","Mon Dec 09 23:04:17 GMT 2024","Settings About Tests","18-settings-about.spec.ts","",""
"","4980","L2 - User should be able to toggle on and off Markdown support","desktop-chrome","Mon Dec 09 23:01:20 GMT 2024","passed","Mon Dec 09 23:01:25 GMT 2024","Settings Messages Tests","10-settings-messages.spec.ts","",""
"","0","K2 - Font dropdown should show expected font names","mobile-chrome","Mon Dec 09 23:00:43 GMT 2024","skipped","Mon Dec 09 23:00:43 GMT 2024","Settings Customization Tests","09-settings-customizations.spec.ts","",""
"","13051","H21 - User can send a friend request and cancel request before other user replies to it","desktop-chrome","Mon Dec 09 22:52:00 GMT 2024","passed","Mon Dec 09 22:52:13 GMT 2024","Two instances tests - Friends and Chats","03-friends-two-instances.spec.ts","",""
"","5489","N1 - User should land on Installed when navigating to this page","mobile-chrome","Mon Dec 09 23:02:47 GMT 2024","passed","Mon Dec 09 23:02:52 GMT 2024","Settings Extensions Tests","12-settings-extensions.spec.ts","",""
"","5143","O1, 06 - Message at top of page and custom keybinds listed correctly","desktop-chrome","Mon Dec 09 23:02:15 GMT 2024","passed","Mon Dec 09 23:02:20 GMT 2024","Settings Keybinds Tests","13-settings-keybinds.spec.ts","",""
"","5528","H10, H27, H28, H29 - Copy Button Tests","mobile-chrome","Mon Dec 09 22:51:01 GMT 2024","passed","Mon Dec 09 22:51:07 GMT 2024","Friends tests","02-friends-one-instance.spec.ts","",""
"","5124","A17 - Download seed phrase file","desktop-chrome","Mon Dec 09 22:50:36 GMT 2024","passed","Mon Dec 09 22:50:41 GMT 2024","Create Account and Login Tests","01-pin-input.spec.ts","",""
"","31555","Group Chats - Create a group with 3 people and send/receive text message flow","mobile-chrome","Mon Dec 09 22:57:21 GMT 2024","passed","Mon Dec 09 22:57:53 GMT 2024","Two instances tests - Friends and Chats","03-friends-two-instances.spec.ts","",""
"","5130","K19 - Default Profile Picture Style selected should be applied correctly in the app","desktop-chrome","Mon Dec 09 23:01:10 GMT 2024","passed","Mon Dec 09 23:01:15 GMT 2024","Settings Customization Tests","09-settings-customizations.spec.ts","",""
"","4972","M7 - User should be able to toggle on and off Control Sounds","desktop-chrome","Mon Dec 09 23:01:50 GMT 2024","passed","Mon Dec 09 23:01:55 GMT 2024","Settings Audio and Video Tests","11-settings-audio-video.spec.ts","",""
"","22360","B68 - Sending and receiving stickers and sticker picker tests","mobile-chrome","Mon Dec 09 22:56:02 GMT 2024","passed","Mon Dec 09 22:56:24 GMT 2024","Two instances tests - Friends and Chats","03-friends-two-instances.spec.ts","",""
"","4784","F9 - User cannot create directories with existing name - Toast notification is shown","mobile-chrome","Mon Dec 09 23:05:43 GMT 2024","skipped","Mon Dec 09 23:05:48 GMT 2024","Files Page Tests","24-files.spec.ts","",""
"","4883","F10 - User can create subfolders and navigate to parent folder with go back button","mobile-chrome","Mon Dec 09 23:05:48 GMT 2024","skipped","Mon Dec 09 23:05:53 GMT 2024","Files Page Tests","24-files.spec.ts","",""
"","2","T4 - Clicking Clear State should clear users state","mobile-chrome","Mon Dec 09 23:04:55 GMT 2024","skipped","Mon Dec 09 23:04:55 GMT 2024","Settings Developer Tests","20-settings-developer.spec.ts","",""
"","5199","C10 - Textbox should have highlighted border when clicking into Chat Search","mobile-chrome","Mon Dec 09 22:58:19 GMT 2024","passed","Mon Dec 09 22:58:24 GMT 2024","Chats Sidebar Tests","05-chats-sidebar.spec.ts","",""
"","4993","M9 - User should be able to toggle on and off Call Timer","desktop-chrome","Mon Dec 09 23:02:00 GMT 2024","passed","Mon Dec 09 23:02:05 GMT 2024","Settings Audio and Video Tests","11-settings-audio-video.spec.ts","",""
"","5424","L3 - User should be able to toggle on and off emoji Spam/Bot detection & rejection","mobile-chrome","Mon Dec 09 23:01:57 GMT 2024","passed","Mon Dec 09 23:02:03 GMT 2024","Settings Messages Tests","10-settings-messages.spec.ts","",""
"","4907","M3 and M4 - Output device dropdown and output volume indicator should display","desktop-chrome","Mon Dec 09 23:01:35 GMT 2024","passed","Mon Dec 09 23:01:40 GMT 2024","Settings Audio and Video Tests","11-settings-audio-video.spec.ts","",""
"","5405","K16 - Selected Emoji Font should be applied everywhere throughout the app","mobile-chrome","Mon Dec 09 23:01:36 GMT 2024","passed","Mon Dec 09 23:01:41 GMT 2024","Settings Customization Tests","09-settings-customizations.spec.ts","",""
"","5066","F7 - User can create new folders on root","desktop-chrome","Mon Dec 09 23:04:53 GMT 2024","passed","Mon Dec 09 23:04:58 GMT 2024","Files Page Tests","24-files.spec.ts","",""
"","5690","K3 - Selected Fonts should be applied everywhere throughout the app","mobile-chrome","Mon Dec 09 23:00:43 GMT 2024","passed","Mon Dec 09 23:00:49 GMT 2024","Settings Customization Tests","09-settings-customizations.spec.ts","",""
"","4722","A15 - User can setup a custom profile picture when creating a new account","desktop-chrome","Mon Dec 09 22:50:27 GMT 2024","passed","Mon Dec 09 22:50:32 GMT 2024","Create Account and Login Tests","01-pin-input.spec.ts","",""
"","5361","M6 - User should be able to toggle on and off Interface Sounds","mobile-chrome","Mon Dec 09 23:02:20 GMT 2024","passed","Mon Dec 09 23:02:25 GMT 2024","Settings Audio and Video Tests","11-settings-audio-video.spec.ts","",""
"","4783","F6, F11 -Clicking Upload should then open up the OS files browser and user can upload files in root folder","mobile-chrome","Mon Dec 09 23:05:28 GMT 2024","skipped","Mon Dec 09 23:05:33 GMT 2024","Files Page Tests","24-files.spec.ts","",""
"","4560","A16 - Default identicon profile image is assigned to new user if user does not setup a custom profile picture","desktop-chrome","Mon Dec 09 22:50:32 GMT 2024","passed","Mon Dec 09 22:50:36 GMT 2024","Create Account and Login Tests","01-pin-input.spec.ts","",""
"","5371","I11 - All text in Username should be selected after clicking into the text field a single time","mobile-chrome","Mon Dec 09 22:59:09 GMT 2024","passed","Mon Dec 09 22:59:14 GMT 2024","Settings Profile Tests","07-settings-profile.spec.ts","",""
"","22482","B49 and B56 - Chats Tests - Multiple messages testing - Scroll to bottom and Go to pin message buttons","desktop-chrome","Mon Dec 09 22:53:17 GMT 2024","passed","Mon Dec 09 22:53:40 GMT 2024","Two instances tests - Friends and Chats","03-friends-two-instances.spec.ts","",""
"","6108","I15, I16 - User should be able to change Status Message and see toast notification for update","mobile-chrome","Mon Dec 09 22:59:31 GMT 2024","passed","Mon Dec 09 22:59:37 GMT 2024","Settings Profile Tests","07-settings-profile.spec.ts","",""
"","4940","K11 - Primary Colors should display expected values","desktop-chrome","Mon Dec 09 23:00:44 GMT 2024","passed","Mon Dec 09 23:00:49 GMT 2024","Settings Customization Tests","09-settings-customizations.spec.ts","",""
"","2621","A6, A7 - Scramble Keypad will change the order of pin input buttons","mobile-chrome","Mon Dec 09 22:50:03 GMT 2024","passed","Mon Dec 09 22:50:06 GMT 2024","Create Account and Login Tests","01-pin-input.spec.ts","",""
"","17994","C11, C12, C16, C17 and C19 - Chat Sidebar tests","mobile-chrome","Mon Dec 09 22:53:04 GMT 2024","passed","Mon Dec 09 22:53:22 GMT 2024","Two instances tests - Friends and Chats","03-friends-two-instances.spec.ts","",""
"","4835","F5 - Highlighted border should appaer when you click Create New Folder","mobile-chrome","Mon Dec 09 23:05:24 GMT 2024","skipped","Mon Dec 09 23:05:28 GMT 2024","Files Page Tests","24-files.spec.ts","",""
"","3883","A3 - Pin cannot have more than 8 digits","desktop-chrome","Mon Dec 09 22:49:53 GMT 2024","passed","Mon Dec 09 22:49:57 GMT 2024","Create Account and Login Tests","01-pin-input.spec.ts","",""
"","5725","C5, C6, C7, C8, C9 - Nav bar buttons should redirect to correct page","mobile-chrome","Mon Dec 09 22:58:13 GMT 2024","passed","Mon Dec 09 22:58:19 GMT 2024","Chats Sidebar Tests","05-chats-sidebar.spec.ts","",""
"","1","B8 to B14 - Quick Profile Remote - Updating username, status, banner and profile picture","mobile-chrome","Mon Dec 09 22:53:45 GMT 2024","skipped","Mon Dec 09 22:53:45 GMT 2024","Two instances tests - Friends and Chats","03-friends-two-instances.spec.ts","",""
"","5279","I17 - All text in StatusMessage should be selected after clicking into the text field a single time","mobile-chrome","Mon Dec 09 22:59:37 GMT 2024","passed","Mon Dec 09 22:59:42 GMT 2024","Settings Profile Tests","07-settings-profile.spec.ts","",""
"","5530","I4 - Clicking upload picture on Profile picture should open File Browser","mobile-chrome","Mon Dec 09 22:58:35 GMT 2024","passed","Mon Dec 09 22:58:41 GMT 2024","Settings Profile Tests","07-settings-profile.spec.ts","",""
"","5590","M1 and M2 - Input dropdown and input volume indicator should display","mobile-chrome","Mon Dec 09 23:02:03 GMT 2024","passed","Mon Dec 09 23:02:09 GMT 2024","Settings Audio and Video Tests","11-settings-audio-video.spec.ts","",""
"","5591","M9 - User should be able to toggle on and off Call Timer","mobile-chrome","Mon Dec 09 23:02:36 GMT 2024","passed","Mon Dec 09 23:02:41 GMT 2024","Settings Audio and Video Tests","11-settings-audio-video.spec.ts","",""
"","5583","F12 - User can upload files in subfolder folder","desktop-chrome","Mon Dec 09 23:05:13 GMT 2024","passed","Mon Dec 09 23:05:19 GMT 2024","Files Page Tests","24-files.spec.ts","",""
"","5452","M3 and M4 - Output device dropdown and output volume indicator should display","mobile-chrome","Mon Dec 09 23:02:09 GMT 2024","passed","Mon Dec 09 23:02:14 GMT 2024","Settings Audio and Video Tests","11-settings-audio-video.spec.ts","",""
"","4834","O2, 04 - Clicking a key should activate the Recorded Keys - User can save keybind","mobile-chrome","Mon Dec 09 23:02:57 GMT 2024","skipped","Mon Dec 09 23:03:02 GMT 2024","Settings Keybinds Tests","13-settings-keybinds.spec.ts","",""
"","6334","T5 - Highlighted border should appear around Exit DevMode when clicked","desktop-chrome","Mon Dec 09 23:04:13 GMT 2024","passed","Mon Dec 09 23:04:19 GMT 2024","Settings Developer Tests","20-settings-developer.spec.ts","",""
"","21433","B67 - Sending and receiving GIFs and gif picker tests","desktop-chrome","Mon Dec 09 22:55:32 GMT 2024","passed","Mon Dec 09 22:55:53 GMT 2024","Two instances tests - Friends and Chats","03-friends-two-instances.spec.ts","",""
"","5947","T1, T2 - Clicking Exit Devmode should exit user out of Devmode","mobile-chrome","Mon Dec 09 23:04:43 GMT 2024","passed","Mon Dec 09 23:04:49 GMT 2024","Settings Developer Tests","20-settings-developer.spec.ts","",""
"","22689","B67 - Sending and receiving GIFs and gif picker tests","mobile-chrome","Mon Dec 09 22:55:39 GMT 2024","passed","Mon Dec 09 22:56:02 GMT 2024","Two instances tests - Friends and Chats","03-friends-two-instances.spec.ts","",""
"","5236","K14 - User should be able to add additional custom CSS to the application","desktop-chrome","Mon Dec 09 23:01:00 GMT 2024","passed","Mon Dec 09 23:01:05 GMT 2024","Settings Customization Tests","09-settings-customizations.spec.ts","",""
"","4697","F8 - If user tries to create a folder with empty name or press Esc while name input is displayed, folder is not created","desktop-chrome","Mon Dec 09 23:04:58 GMT 2024","passed","Mon Dec 09 23:05:03 GMT 2024","Files Page Tests","24-files.spec.ts","",""
"","1","K15 - Emoji Font dropdown should show expected emoji font names","desktop-chrome","Mon Dec 09 23:01:05 GMT 2024","skipped","Mon Dec 09 23:01:05 GMT 2024","Settings Customization Tests","09-settings-customizations.spec.ts","",""
"","17360","H6, H19, B1 to B6, B16 and B17, B35 to B37 - Friend request happy path flow and then Chats Page basic send/receive text message flow","mobile-chrome","Mon Dec 09 22:52:19 GMT 2024","passed","Mon Dec 09 22:52:36 GMT 2024","Two instances tests - Friends and Chats","03-friends-two-instances.spec.ts","",""
"","5362","I23 - User should be able to click checkbox to determine whether they want to store Recovery Phrase on account","mobile-chrome","Mon Dec 09 23:00:10 GMT 2024","passed","Mon Dec 09 23:00:15 GMT 2024","Settings Profile Tests","07-settings-profile.spec.ts","",""
"","5023","C5, C6, C7, C8, C9 - Nav bar buttons should redirect to correct page","desktop-chrome","Mon Dec 09 22:57:58 GMT 2024","passed","Mon Dec 09 22:58:03 GMT 2024","Chats Sidebar Tests","05-chats-sidebar.spec.ts","",""
"","6143","T7 - Highlighted border should appear around Clear State when clicked","desktop-chrome","Mon Dec 09 23:04:25 GMT 2024","passed","Mon Dec 09 23:04:32 GMT 2024","Settings Developer Tests","20-settings-developer.spec.ts","",""
"","5208","I19 - Status dropdown should show Online, Offline, Idle, Do not Disturb","mobile-chrome","Mon Dec 09 22:59:48 GMT 2024","passed","Mon Dec 09 22:59:53 GMT 2024","Settings Profile Tests","07-settings-profile.spec.ts","",""
"","19542","B51 - Chats Markdowns Tests","desktop-chrome","Mon Dec 09 22:54:34 GMT 2024","passed","Mon Dec 09 22:54:54 GMT 2024","Two instances tests - Friends and Chats","03-friends-two-instances.spec.ts","",""
"","4802","O7 - Highlighted border should display when user clicks cancel","mobile-chrome","Mon Dec 09 23:03:12 GMT 2024","skipped","Mon Dec 09 23:03:16 GMT 2024","Settings Keybinds Tests","13-settings-keybinds.spec.ts","",""
"","0","B8 to B14 - Quick Profile Local - Updating username, status, banner and profile picture","desktop-chrome","Mon Dec 09 22:53:40 GMT 2024","skipped","Mon Dec 09 22:53:40 GMT 2024","Two instances tests - Friends and Chats","03-friends-two-instances.spec.ts","",""
"","6341","T6 - Highlighted border should appear around Load MockData when clicked","mobile-chrome","Mon Dec 09 23:05:01 GMT 2024","passed","Mon Dec 09 23:05:07 GMT 2024","Settings Developer Tests","20-settings-developer.spec.ts","",""
"","5295","I15, I16 - User should be able to change Status Message and see toast notification for update","desktop-chrome","Mon Dec 09 22:59:08 GMT 2024","passed","Mon Dec 09 22:59:13 GMT 2024","Settings Profile Tests","07-settings-profile.spec.ts","",""
"","5008","M10 - User should be able to test video device","desktop-chrome","Mon Dec 09 23:02:05 GMT 2024","passed","Mon Dec 09 23:02:10 GMT 2024","Settings Audio and Video Tests","11-settings-audio-video.spec.ts","",""
"","20533","B51 - Chats Markdowns Tests","mobile-chrome","Mon Dec 09 22:54:40 GMT 2024","passed","Mon Dec 09 22:55:01 GMT 2024","Two instances tests - Friends and Chats","03-friends-two-instances.spec.ts","",""
"","1","K18 - Default Profile Picture Style dropdown should show expected default profile picture styles","desktop-chrome","Mon Dec 09 23:01:10 GMT 2024","skipped","Mon Dec 09 23:01:10 GMT 2024","Settings Customization Tests","09-settings-customizations.spec.ts","",""
"","5772","K12 - Clicking Pick should open up the finetune color selector","mobile-chrome","Mon Dec 09 23:01:18 GMT 2024","passed","Mon Dec 09 23:01:24 GMT 2024","Settings Customization Tests","09-settings-customizations.spec.ts","",""
"","5174","C4 - Clicking hamburger button should collapse sidebar","mobile-chrome","Mon Dec 09 22:58:08 GMT 2024","passed","Mon Dec 09 22:58:13 GMT 2024","Chats Sidebar Tests","05-chats-sidebar.spec.ts","",""
"","13745","A1, A9, A11 - Enter valid PIN redirects to Main Page","mobile-chrome","Mon Dec 09 22:49:37 GMT 2024","passed","Mon Dec 09 22:49:51 GMT 2024","Create Account and Login Tests","01-pin-input.spec.ts","",""
"","5052","I23 - User should be able to click checkbox to determine whether they want to store Recovery Phrase on account","desktop-chrome","Mon Dec 09 22:59:43 GMT 2024","passed","Mon Dec 09 22:59:48 GMT 2024","Settings Profile Tests","07-settings-profile.spec.ts","",""
"","0","B8 to B14 - Quick Profile Local and Remote -  Updating note","mobile-chrome","Mon Dec 09 22:53:45 GMT 2024","skipped","Mon Dec 09 22:53:45 GMT 2024","Two instances tests - Friends and Chats","03-friends-two-instances.spec.ts","",""
"","2436","A2 - Pin should have at least 4 digits","mobile-chrome","Mon Dec 09 22:49:51 GMT 2024","passed","Mon Dec 09 22:49:53 GMT 2024","Create Account and Login Tests","01-pin-input.spec.ts","",""
"","6033","R8 - Clicking DevMode button 10 times should enable DevMode","mobile-chrome","Mon Dec 09 23:04:30 GMT 2024","passed","Mon Dec 09 23:04:36 GMT 2024","Settings About Tests","18-settings-about.spec.ts","",""
"","5289","K9 - Themes dropdown should display Default and user can change theme from dropdown","desktop-chrome","Mon Dec 09 23:00:38 GMT 2024","passed","Mon Dec 09 23:00:44 GMT 2024","Settings Customization Tests","09-settings-customizations.spec.ts","",""
"","7793","K6, K7 - Font size should have a maximum of 1.50 and can be applied correctly everywhere through the app","desktop-chrome","Mon Dec 09 23:00:25 GMT 2024","passed","Mon Dec 09 23:00:33 GMT 2024","Settings Customization Tests","09-settings-customizations.spec.ts","",""
"","4970","A16 - Default identicon profile image is assigned to new user if user does not setup a custom profile picture","mobile-chrome","Mon Dec 09 22:50:34 GMT 2024","passed","Mon Dec 09 22:50:39 GMT 2024","Create Account and Login Tests","01-pin-input.spec.ts","",""
"","5550","P1, P2 - User should be able to toggle on/off Dyslexic mode and changes are applied everywhere","desktop-chrome","Mon Dec 09 23:02:56 GMT 2024","passed","Mon Dec 09 23:03:02 GMT 2024","Settings Accessibility Tests","15-settings-accessibility.spec.ts","",""
"","5252","F5 - Highlighted border should appaer when you click Create New Folder","desktop-chrome","Mon Dec 09 23:04:43 GMT 2024","passed","Mon Dec 09 23:04:48 GMT 2024","Files Page Tests","24-files.spec.ts","",""
"","5092","M1 and M2 - Input dropdown and input volume indicator should display","desktop-chrome","Mon Dec 09 23:01:30 GMT 2024","passed","Mon Dec 09 23:01:35 GMT 2024","Settings Audio and Video Tests","11-settings-audio-video.spec.ts","",""
"","6001","K5 - Font size should have a minimum of .82","mobile-chrome","Mon Dec 09 23:00:49 GMT 2024","passed","Mon Dec 09 23:00:55 GMT 2024","Settings Customization Tests","09-settings-customizations.spec.ts","",""
"","4970","K16 - Selected Emoji Font should be applied everywhere throughout the app","desktop-chrome","Mon Dec 09 23:01:05 GMT 2024","passed","Mon Dec 09 23:01:10 GMT 2024","Settings Customization Tests","09-settings-customizations.spec.ts","",""
"","5163","I20 - Status should show correctly depending on which status user has set","desktop-chrome","Mon Dec 09 22:59:27 GMT 2024","passed","Mon Dec 09 22:59:33 GMT 2024","Settings Profile Tests","07-settings-profile.spec.ts","",""
"","4940","F8 - If user tries to create a folder with empty name or press Esc while name input is displayed, folder is not created","mobile-chrome","Mon Dec 09 23:05:38 GMT 2024","skipped","Mon Dec 09 23:05:43 GMT 2024","Files Page Tests","24-files.spec.ts","",""
"","2566","A5 - Settings dropdown should show option to Scramble numberpad and option to stay unlocked","mobile-chrome","Mon Dec 09 22:50:01 GMT 2024","passed","Mon Dec 09 22:50:03 GMT 2024","Create Account and Login Tests","01-pin-input.spec.ts","",""
"","1951","A19 - Install Banner validations - Dismiss banner","mobile-chrome","Mon Dec 09 22:50:53 GMT 2024","passed","Mon Dec 09 22:50:55 GMT 2024","Create Account and Login Tests","01-pin-input.spec.ts","",""
"","5243","F10 - User can create subfolders and navigate to parent folder with go back button","desktop-chrome","Mon Dec 09 23:05:08 GMT 2024","passed","Mon Dec 09 23:05:13 GMT 2024","Files Page Tests","24-files.spec.ts","",""
"","5166","R6 and R7 - Made In header text, description and flags displayed","desktop-chrome","Mon Dec 09 23:03:44 GMT 2024","passed","Mon Dec 09 23:03:49 GMT 2024","Settings About Tests","18-settings-about.spec.ts","",""
"","5827","R5 - Clicking Open Source Code should take you to the source code","desktop-chrome","Mon Dec 09 23:03:38 GMT 2024","passed","Mon Dec 09 23:03:44 GMT 2024","Settings About Tests","18-settings-about.spec.ts","",""
"","13388","H7, H20 - User can send a friend request and remote user can deny it","mobile-chrome","Mon Dec 09 22:51:51 GMT 2024","passed","Mon Dec 09 22:52:05 GMT 2024","Two instances tests - Friends and Chats","03-friends-two-instances.spec.ts","",""
"","5937","T8 - Clicking Test Voice State should open debug voice page","mobile-chrome","Mon Dec 09 23:05:13 GMT 2024","passed","Mon Dec 09 23:05:19 GMT 2024","Settings Developer Tests","20-settings-developer.spec.ts","",""
"","5259","I6 - Username should be displayed in the Username textbox","mobile-chrome","Mon Dec 09 22:58:46 GMT 2024","passed","Mon Dec 09 22:58:51 GMT 2024","Settings Profile Tests","07-settings-profile.spec.ts","",""
"","9504","F13 - Files and folders are still visible after logging out and login again","desktop-chrome","Mon Dec 09 23:05:19 GMT 2024","passed","Mon Dec 09 23:05:28 GMT 2024","Files Page Tests","24-files.spec.ts","",""
"","5422","K11 - Primary Colors should display expected values","mobile-chrome","Mon Dec 09 23:01:13 GMT 2024","passed","Mon Dec 09 23:01:18 GMT 2024","Settings Customization Tests","09-settings-customizations.spec.ts","",""
"","5205","C3 - Hovering over Nav buttons should show tooltips","mobile-chrome","Mon Dec 09 22:58:03 GMT 2024","passed","Mon Dec 09 22:58:08 GMT 2024","Chats Sidebar Tests","05-chats-sidebar.spec.ts","",""
"","18925","B52 and B53 - Sending and receiving files tests","mobile-chrome","Mon Dec 09 22:55:01 GMT 2024","passed","Mon Dec 09 22:55:20 GMT 2024","Two instances tests - Friends and Chats","03-friends-two-instances.spec.ts","",""
"","5359","I9, I10 - User should be able to change username and see toast notification of change","desktop-chrome","Mon Dec 09 22:58:42 GMT 2024","passed","Mon Dec 09 22:58:48 GMT 2024","Settings Profile Tests","07-settings-profile.spec.ts","",""
"","5618","R1 - ""About Uplink"" should appear at top of page","mobile-chrome","Mon Dec 09 23:03:59 GMT 2024","passed","Mon Dec 09 23:04:05 GMT 2024","Settings About Tests","18-settings-about.spec.ts","",""
"","5796","T3 - Clicking Load MockData should load all mock data throughout app","mobile-chrome","Mon Dec 09 23:04:49 GMT 2024","passed","Mon Dec 09 23:04:55 GMT 2024","Settings Developer Tests","20-settings-developer.spec.ts","",""
"","5110","I12 - Highlighted border should appear when clicked into the username textbox","desktop-chrome","Mon Dec 09 22:58:52 GMT 2024","passed","Mon Dec 09 22:58:57 GMT 2024","Settings Profile Tests","07-settings-profile.spec.ts","",""
"","5093","O8 - Clicking Revert Keybindings should revert any custom keybindings the user has saved","desktop-chrome","Mon Dec 09 23:02:41 GMT 2024","passed","Mon Dec 09 23:02:46 GMT 2024","Settings Keybinds Tests","13-settings-keybinds.spec.ts","",""
"","10835","I26 - Delete Account section tests","desktop-chrome","Mon Dec 09 22:59:58 GMT 2024","passed","Mon Dec 09 23:00:09 GMT 2024","Settings Profile Tests","07-settings-profile.spec.ts","",""
"","4792","I11 - All text in Username should be selected after clicking into the text field a single time","desktop-chrome","Mon Dec 09 22:58:48 GMT 2024","passed","Mon Dec 09 22:58:52 GMT 2024","Settings Profile Tests","07-settings-profile.spec.ts","",""
"","5625","I22 - Clicking copy should copy the Recovery Phrase to the users clipboard","mobile-chrome","Mon Dec 09 23:00:04 GMT 2024","passed","Mon Dec 09 23:00:10 GMT 2024","Settings Profile Tests","07-settings-profile.spec.ts","",""
"","17603","B18 and B19, B23 to B25 - Chats Context Menu tests","desktop-chrome","Mon Dec 09 22:53:40 GMT 2024","passed","Mon Dec 09 22:53:57 GMT 2024","Two instances tests - Friends and Chats","03-friends-two-instances.spec.ts","",""
"","6117","A8 - If Stay Unlocked is toggled on, user should bypass PIN page when logging in","desktop-chrome","Mon Dec 09 22:50:05 GMT 2024","passed","Mon Dec 09 22:50:11 GMT 2024","Create Account and Login Tests","01-pin-input.spec.ts","",""
"","5394","L1 - User should be able to toggle on and off emoji conversion","mobile-chrome","Mon Dec 09 23:01:47 GMT 2024","passed","Mon Dec 09 23:01:52 GMT 2024","Settings Messages Tests","10-settings-messages.spec.ts","",""
"","19737","B66 - Sending and receiving emojis and emoji picker tests","mobile-chrome","Mon Dec 09 22:55:20 GMT 2024","passed","Mon Dec 09 22:55:39 GMT 2024","Two instances tests - Friends and Chats","03-friends-two-instances.spec.ts","",""
"","5167","F9 - User cannot create directories with existing name - Toast notification is shown","desktop-chrome","Mon Dec 09 23:05:03 GMT 2024","passed","Mon Dec 09 23:05:08 GMT 2024","Files Page Tests","24-files.spec.ts","",""
"","5353","M10 - User should be able to test video device","mobile-chrome","Mon Dec 09 23:02:41 GMT 2024","passed","Mon Dec 09 23:02:47 GMT 2024","Settings Audio and Video Tests","11-settings-audio-video.spec.ts","",""
"","19613","H16, H17, H18, H26 - User can be block/unblocked","mobile-chrome","Mon Dec 09 22:51:32 GMT 2024","passed","Mon Dec 09 22:51:51 GMT 2024","Two instances tests - Friends and Chats","03-friends-two-instances.spec.ts","",""
"","5360","I2, I3 - Banner Picture - User can upload banner","mobile-chrome","Mon Dec 09 22:58:30 GMT 2024","passed","Mon Dec 09 22:58:35 GMT 2024","Settings Profile Tests","07-settings-profile.spec.ts","",""
"","5937","T3 - Clicking Load MockData should load all mock data throughout app","desktop-chrome","Mon Dec 09 23:04:07 GMT 2024","passed","Mon Dec 09 23:04:13 GMT 2024","Settings Developer Tests","20-settings-developer.spec.ts","",""
"","5842","T7 - Highlighted border should appear around Clear State when clicked","mobile-chrome","Mon Dec 09 23:05:07 GMT 2024","passed","Mon Dec 09 23:05:13 GMT 2024","Settings Developer Tests","20-settings-developer.spec.ts","",""
"","6520","K6, K7 - Font size should have a maximum of 1.50 and can be applied correctly everywhere through the app","mobile-chrome","Mon Dec 09 23:00:55 GMT 2024","passed","Mon Dec 09 23:01:01 GMT 2024","Settings Customization Tests","09-settings-customizations.spec.ts","",""
"","3296","A4 - Clicking red reset button should erase any inputs made","desktop-chrome","Mon Dec 09 22:49:57 GMT 2024","passed","Mon Dec 09 22:50:00 GMT 2024","Create Account and Login Tests","01-pin-input.spec.ts","",""
"","5303","M7 - User should be able to toggle on and off Control Sounds","mobile-chrome","Mon Dec 09 23:02:25 GMT 2024","passed","Mon Dec 09 23:02:30 GMT 2024","Settings Audio and Video Tests","11-settings-audio-video.spec.ts","",""
"","2700","A2 - Pin should have at least 4 digits","desktop-chrome","Mon Dec 09 22:49:50 GMT 2024","passed","Mon Dec 09 22:49:53 GMT 2024","Create Account and Login Tests","01-pin-input.spec.ts","",""
"","5137","K8 - Clicking the moon button should change theme of the app from Dark to Light","desktop-chrome","Mon Dec 09 23:00:33 GMT 2024","passed","Mon Dec 09 23:00:38 GMT 2024","Settings Customization Tests","09-settings-customizations.spec.ts","",""
"","5121","N1 - User should land on Installed when navigating to this page","desktop-chrome","Mon Dec 09 23:02:10 GMT 2024","passed","Mon Dec 09 23:02:15 GMT 2024","Settings Extensions Tests","12-settings-extensions.spec.ts","",""
"","8111","A18 - Install Banner validations - Download installer","desktop-chrome","Mon Dec 09 22:50:41 GMT 2024","passed","Mon Dec 09 22:50:49 GMT 2024","Create Account and Login Tests","01-pin-input.spec.ts","",""
"","17680","B22 and B50 - Reaction Tests","mobile-chrome","Mon Dec 09 22:54:22 GMT 2024","passed","Mon Dec 09 22:54:40 GMT 2024","Two instances tests - Friends and Chats","03-friends-two-instances.spec.ts","",""
"","5099","Q3 - User should be able to toggle on/off Message Notifications","desktop-chrome","Mon Dec 09 23:03:12 GMT 2024","passed","Mon Dec 09 23:03:17 GMT 2024","Settings Notifications Tests","16-settings-notifications.spec.ts","",""
"","5865","I21 - Clicking Reveal Phrase should display the users Recovery Phrases","mobile-chrome","Mon Dec 09 22:59:58 GMT 2024","passed","Mon Dec 09 23:00:04 GMT 2024","Settings Profile Tests","07-settings-profile.spec.ts","",""
"","4700","F3, F4 - Amount of Free and Total should appear in Toolbar","mobile-chrome","Mon Dec 09 23:05:19 GMT 2024","skipped","Mon Dec 09 23:05:24 GMT 2024","Files Page Tests","24-files.spec.ts","",""
"","8526","H22, H23, H24, H25 - Invalid attempts for sending friend request","desktop-chrome","Mon Dec 09 22:51:03 GMT 2024","passed","Mon Dec 09 22:51:12 GMT 2024","Friends tests","02-friends-one-instance.spec.ts","",""
"","6088","K14 - User should be able to add additional custom CSS to the application","mobile-chrome","Mon Dec 09 23:01:30 GMT 2024","passed","Mon Dec 09 23:01:36 GMT 2024","Settings Customization Tests","09-settings-customizations.spec.ts","",""
"","4840","F14 - If user upload the same file again, file is uploaded but with different filename","mobile-chrome","Mon Dec 09 23:06:02 GMT 2024","skipped","Mon Dec 09 23:06:07 GMT 2024","Files Page Tests","24-files.spec.ts","",""
"","19391","B20 - Pin Messages Tests","mobile-chrome","Mon Dec 09 22:54:03 GMT 2024","passed","Mon Dec 09 22:54:22 GMT 2024","Two instances tests - Friends and Chats","03-friends-two-instances.spec.ts","",""
"","3985","A3 - Pin cannot have more than 8 digits","mobile-chrome","Mon Dec 09 22:49:53 GMT 2024","passed","Mon Dec 09 22:49:57 GMT 2024","Create Account and Login Tests","01-pin-input.spec.ts","",""
"","2439","A6, A7 - Scramble Keypad will change the order of pin input buttons","desktop-chrome","Mon Dec 09 22:50:03 GMT 2024","passed","Mon Dec 09 22:50:05 GMT 2024","Create Account and Login Tests","01-pin-input.spec.ts","",""
"","6442","A8 - If Stay Unlocked is toggled on, user should bypass PIN page when logging in","mobile-chrome","Mon Dec 09 22:50:06 GMT 2024","passed","Mon Dec 09 22:50:12 GMT 2024","Create Account and Login Tests","01-pin-input.spec.ts","",""
"","5158","A15 - User can setup a custom profile picture when creating a new account","mobile-chrome","Mon Dec 09 22:50:29 GMT 2024","passed","Mon Dec 09 22:50:34 GMT 2024","Create Account and Login Tests","01-pin-input.spec.ts","",""
"","4762","C1 - Clicking Create Chat should open modal with option for Group Name and Group Members","desktop-chrome","Mon Dec 09 22:57:39 GMT 2024","passed","Mon Dec 09 22:57:43 GMT 2024","Chats Sidebar Tests","05-chats-sidebar.spec.ts","",""
"","27166","Group Chats - Create a group with 3 people and send/receive text message flow","desktop-chrome","Mon Dec 09 22:57:12 GMT 2024","passed","Mon Dec 09 22:57:39 GMT 2024","Two instances tests - Friends and Chats","03-friends-two-instances.spec.ts","",""
"","5108","I14 - Highlighted border should appear when user is clicked into Status textbox","desktop-chrome","Mon Dec 09 22:59:02 GMT 2024","passed","Mon Dec 09 22:59:08 GMT 2024","Settings Profile Tests","07-settings-profile.spec.ts","",""
"","6107","H1, H2, H3, H4, H5, H8 - Navigate through friends pages and validate UI elements","mobile-chrome","Mon Dec 09 22:50:55 GMT 2024","passed","Mon Dec 09 22:51:01 GMT 2024","Friends tests","02-friends-one-instance.spec.ts","",""
"","4804","C3 - Hovering over Nav buttons should show tooltips","desktop-chrome","Mon Dec 09 22:57:48 GMT 2024","passed","Mon Dec 09 22:57:53 GMT 2024","Chats Sidebar Tests","05-chats-sidebar.spec.ts","",""
"","27883","Chat Replies Tests","mobile-chrome","Mon Dec 09 22:56:24 GMT 2024","passed","Mon Dec 09 22:56:52 GMT 2024","Two instances tests - Friends and Chats","03-friends-two-instances.spec.ts","",""
"","4850","I2, I3 - Banner Picture - User can upload banner","desktop-chrome","Mon Dec 09 22:58:13 GMT 2024","passed","Mon Dec 09 22:58:18 GMT 2024","Settings Profile Tests","07-settings-profile.spec.ts","",""
"","5563","A14 - If Stay Unlocked is toggled on, user should be redirected to enter PIN after logging off","mobile-chrome","Mon Dec 09 22:50:24 GMT 2024","passed","Mon Dec 09 22:50:29 GMT 2024","Create Account and Login Tests","01-pin-input.spec.ts","",""
"","5476","Q2 - User should be able to toggle on/off Friend Request Notifications","mobile-chrome","Mon Dec 09 23:03:43 GMT 2024","passed","Mon Dec 09 23:03:48 GMT 2024","Settings Notifications Tests","16-settings-notifications.spec.ts","",""
"","4811","I7 - Clicking shortID should copy DID into clipboard","desktop-chrome","Mon Dec 09 22:58:32 GMT 2024","passed","Mon Dec 09 22:58:37 GMT 2024","Settings Profile Tests","07-settings-profile.spec.ts","",""
"","2571","A5 - Settings dropdown should show option to Scramble numberpad and option to stay unlocked","desktop-chrome","Mon Dec 09 22:50:00 GMT 2024","passed","Mon Dec 09 22:50:03 GMT 2024","Create Account and Login Tests","01-pin-input.spec.ts","",""
"","5438","I22 - Clicking copy should copy the Recovery Phrase to the users clipboard","desktop-chrome","Mon Dec 09 22:59:38 GMT 2024","passed","Mon Dec 09 22:59:43 GMT 2024","Settings Profile Tests","07-settings-profile.spec.ts","",""
"","5686","R6 and R7 - Made In header text, description and flags displayed","mobile-chrome","Mon Dec 09 23:04:24 GMT 2024","passed","Mon Dec 09 23:04:30 GMT 2024","Settings About Tests","18-settings-about.spec.ts","",""
"","15791","H15 - User should be removed from friends list after clicking unfriend","desktop-chrome","Mon Dec 09 22:51:12 GMT 2024","passed","Mon Dec 09 22:51:28 GMT 2024","Two instances tests - Friends and Chats","03-friends-two-instances.spec.ts","",""
"","17670","B22 and B50 - Reaction Tests","desktop-chrome","Mon Dec 09 22:54:16 GMT 2024","passed","Mon Dec 09 22:54:34 GMT 2024","Two instances tests - Friends and Chats","03-friends-two-instances.spec.ts","",""
"","5531","M8 - User should be able to toggle on and off Message Sounds","mobile-chrome","Mon Dec 09 23:02:30 GMT 2024","passed","Mon Dec 09 23:02:36 GMT 2024","Settings Audio and Video Tests","11-settings-audio-video.spec.ts","",""
"","4881","L1 - User should be able to toggle on and off emoji conversion","desktop-chrome","Mon Dec 09 23:01:15 GMT 2024","passed","Mon Dec 09 23:01:20 GMT 2024","Settings Messages Tests","10-settings-messages.spec.ts","",""
"","19007","H16, H17, H18, H26 - User can be block/unblocked","desktop-chrome","Mon Dec 09 22:51:28 GMT 2024","passed","Mon Dec 09 22:51:47 GMT 2024","Two instances tests - Friends and Chats","03-friends-two-instances.spec.ts","",""
"","5325","K1 - Language dropdown should display English","desktop-chrome","Mon Dec 09 23:00:09 GMT 2024","passed","Mon Dec 09 23:00:14 GMT 2024","Settings Customization Tests","09-settings-customizations.spec.ts","",""
"","4903","O5 - Clicking Cancel should cancel any custom keybinding the user was trying to add","mobile-chrome","Mon Dec 09 23:03:07 GMT 2024","skipped","Mon Dec 09 23:03:12 GMT 2024","Settings Keybinds Tests","13-settings-keybinds.spec.ts","",""
"","5111","H10, H27, H28, H29 - Copy Button Tests","desktop-chrome","Mon Dec 09 22:50:58 GMT 2024","passed","Mon Dec 09 22:51:03 GMT 2024","Friends tests","02-friends-one-instance.spec.ts","",""
"","5692","K8 - Clicking the moon button should change theme of the app from Dark to Light","mobile-chrome","Mon Dec 09 23:01:01 GMT 2024","passed","Mon Dec 09 23:01:07 GMT 2024","Settings Customization Tests","09-settings-customizations.spec.ts","",""
"","18685","H6, H19, B1 to B6, B16 and B17, B35 to B37 - Friend request happy path flow and then Chats Page basic send/receive text message flow","desktop-chrome","Mon Dec 09 22:52:13 GMT 2024","passed","Mon Dec 09 22:52:32 GMT 2024","Two instances tests - Friends and Chats","03-friends-two-instances.spec.ts","",""
"","5484","K12 - Clicking Pick should open up the finetune color selector","desktop-chrome","Mon Dec 09 23:00:49 GMT 2024","passed","Mon Dec 09 23:00:54 GMT 2024","Settings Customization Tests","09-settings-customizations.spec.ts","",""
"","5723","I12 - Highlighted border should appear when clicked into the username textbox","mobile-chrome","Mon Dec 09 22:59:14 GMT 2024","passed","Mon Dec 09 22:59:20 GMT 2024","Settings Profile Tests","07-settings-profile.spec.ts","",""
"","27171","Chat Replies Tests","desktop-chrome","Mon Dec 09 22:56:16 GMT 2024","passed","Mon Dec 09 22:56:43 GMT 2024","Two instances tests - Friends and Chats","03-friends-two-instances.spec.ts","",""
"","23155","B49 and B56 - Chats Tests - Multiple messages testing - Scroll to bottom and Go to pin message buttons","mobile-chrome","Mon Dec 09 22:53:22 GMT 2024","passed","Mon Dec 09 22:53:45 GMT 2024","Two instances tests - Friends and Chats","03-friends-two-instances.spec.ts","",""
"","4825","O8 - Clicking Revert Keybindings should revert any custom keybindings the user has saved","mobile-chrome","Mon Dec 09 23:03:16 GMT 2024","skipped","Mon Dec 09 23:03:21 GMT 2024","Settings Keybinds Tests","13-settings-keybinds.spec.ts","",""
"","8936","H22, H23, H24, H25 - Invalid attempts for sending friend request","mobile-chrome","Mon Dec 09 22:51:07 GMT 2024","passed","Mon Dec 09 22:51:16 GMT 2024","Friends tests","02-friends-one-instance.spec.ts","",""
"","5073","O5 - Clicking Cancel should cancel any custom keybinding the user was trying to add","desktop-chrome","Mon Dec 09 23:02:31 GMT 2024","passed","Mon Dec 09 23:02:36 GMT 2024","Settings Keybinds Tests","13-settings-keybinds.spec.ts","",""
"","4678","O9 - Highlighted border should be displayed when clicking Revert Keybindings","mobile-chrome","Mon Dec 09 23:03:21 GMT 2024","skipped","Mon Dec 09 23:03:26 GMT 2024","Settings Keybinds Tests","13-settings-keybinds.spec.ts","",""
"","5323","L2 - User should be able to toggle on and off Markdown support","mobile-chrome","Mon Dec 09 23:01:52 GMT 2024","passed","Mon Dec 09 23:01:57 GMT 2024","Settings Messages Tests","10-settings-messages.spec.ts","",""
"","8325","A18 - Install Banner validations - Download installer","mobile-chrome","Mon Dec 09 22:50:45 GMT 2024","passed","Mon Dec 09 22:50:53 GMT 2024","Create Account and Login Tests","01-pin-input.spec.ts","",""
"","0","K2 - Font dropdown should show expected font names","desktop-chrome","Mon Dec 09 23:00:14 GMT 2024","skipped","Mon Dec 09 23:00:14 GMT 2024","Settings Customization Tests","09-settings-customizations.spec.ts","",""
"","5575","I14 - Highlighted border should appear when user is clicked into Status textbox","mobile-chrome","Mon Dec 09 22:59:25 GMT 2024","passed","Mon Dec 09 22:59:31 GMT 2024","Settings Profile Tests","07-settings-profile.spec.ts","",""
"","18110","B52 and B53 - Sending and receiving files tests","desktop-chrome","Mon Dec 09 22:54:54 GMT 2024","passed","Mon Dec 09 22:55:12 GMT 2024","Two instances tests - Friends and Chats","03-friends-two-instances.spec.ts","",""
"","5461","Q3 - User should be able to toggle on/off Message Notifications","mobile-chrome","Mon Dec 09 23:03:48 GMT 2024","passed","Mon Dec 09 23:03:54 GMT 2024","Settings Notifications Tests","16-settings-notifications.spec.ts","",""
"","5493","I7 - Clicking shortID should copy DID into clipboard","mobile-chrome","Mon Dec 09 22:58:51 GMT 2024","passed","Mon Dec 09 22:58:57 GMT 2024","Settings Profile Tests","07-settings-profile.spec.ts","",""
"","5233","O9 - Highlighted border should be displayed when clicking Revert Keybindings","desktop-chrome","Mon Dec 09 23:02:46 GMT 2024","passed","Mon Dec 09 23:02:51 GMT 2024","Settings Keybinds Tests","13-settings-keybinds.spec.ts","",""
"","5690","I8 - Short ID Context menu should allow to copy DID or Short ID intoto clipboard","mobile-chrome","Mon Dec 09 22:58:57 GMT 2024","passed","Mon Dec 09 22:59:03 GMT 2024","Settings Profile Tests","07-settings-profile.spec.ts","",""
"","5300","I24 - Clicking LogOut should log user out of the account","mobile-chrome","Mon Dec 09 23:00:15 GMT 2024","passed","Mon Dec 09 23:00:21 GMT 2024","Settings Profile Tests","07-settings-profile.spec.ts","",""
"","13409","H7, H20 - User can send a friend request and remote user can deny it","desktop-chrome","Mon Dec 09 22:51:47 GMT 2024","passed","Mon Dec 09 22:52:00 GMT 2024","Two instances tests - Friends and Chats","03-friends-two-instances.spec.ts","",""
"","5579","R4 - Clicking Open Website should take you to the Uplink website","desktop-chrome","Mon Dec 09 23:03:32 GMT 2024","passed","Mon Dec 09 23:03:38 GMT 2024","Settings About Tests","18-settings-about.spec.ts","",""
"","6510","P1, P2 - User should be able to toggle on/off Dyslexic mode and changes are applied everywhere","mobile-chrome","Mon Dec 09 23:03:31 GMT 2024","passed","Mon Dec 09 23:03:37 GMT 2024","Settings Accessibility Tests","15-settings-accessibility.spec.ts","",""
"","0","K15 - Emoji Font dropdown should show expected emoji font names","mobile-chrome","Mon Dec 09 23:01:36 GMT 2024","skipped","Mon Dec 09 23:01:36 GMT 2024","Settings Customization Tests","09-settings-customizations.spec.ts","",""
"","6291","S1 - Clicking View License should take user to our licenses page","desktop-chrome","Mon Dec 09 23:03:55 GMT 2024","passed","Mon Dec 09 23:04:01 GMT 2024","Settings Licenses Tests","19-settings-licenses.spec.ts","",""
"","2","B8 to B14 - Quick Profile Local - Updating username, status, banner and profile picture","mobile-chrome","Mon Dec 09 22:53:45 GMT 2024","skipped","Mon Dec 09 22:53:45 GMT 2024","Two instances tests - Friends and Chats","03-friends-two-instances.spec.ts","",""
"","5069","F6, F11 -Clicking Upload should then open up the OS files browser and user can upload files in root folder","desktop-chrome","Mon Dec 09 23:04:48 GMT 2024","passed","Mon Dec 09 23:04:53 GMT 2024","Files Page Tests","24-files.spec.ts","",""
"","7222","S1 - Clicking View License should take user to our licenses page","mobile-chrome","Mon Dec 09 23:04:36 GMT 2024","passed","Mon Dec 09 23:04:43 GMT 2024","Settings Licenses Tests","19-settings-licenses.spec.ts","",""
"","5539","I20 - Status should show correctly depending on which status user has set","mobile-chrome","Mon Dec 09 22:59:53 GMT 2024","passed","Mon Dec 09 22:59:58 GMT 2024","Settings Profile Tests","07-settings-profile.spec.ts","",""
"","4744","F7 - User can create new folders on root","mobile-chrome","Mon Dec 09 23:05:33 GMT 2024","skipped","Mon Dec 09 23:05:38 GMT 2024","Files Page Tests","24-files.spec.ts","",""
"","5605","K9 - Themes dropdown should display Default and user can change theme from dropdown","mobile-chrome","Mon Dec 09 23:01:07 GMT 2024","passed","Mon Dec 09 23:01:13 GMT 2024","Settings Customization Tests","09-settings-customizations.spec.ts","",""
"","5178","Q1 - User should be able to toggle on/off Notifications","desktop-chrome","Mon Dec 09 23:03:02 GMT 2024","passed","Mon Dec 09 23:03:07 GMT 2024","Settings Notifications Tests","16-settings-notifications.spec.ts","",""
"","17224","C11, C12, C16, C17 and C19 - Chat Sidebar tests","desktop-chrome","Mon Dec 09 22:53:00 GMT 2024","passed","Mon Dec 09 22:53:17 GMT 2024","Two instances tests - Friends and Chats","03-friends-two-instances.spec.ts","",""
"","4978","M8 - User should be able to toggle on and off Message Sounds","desktop-chrome","Mon Dec 09 23:01:55 GMT 2024","passed","Mon Dec 09 23:02:00 GMT 2024","Settings Audio and Video Tests","11-settings-audio-video.spec.ts","",""
"","22502","B68 - Sending and receiving stickers and sticker picker tests","desktop-chrome","Mon Dec 09 22:55:53 GMT 2024","passed","Mon Dec 09 22:56:16 GMT 2024","Two instances tests - Friends and Chats","03-friends-two-instances.spec.ts","",""
"","4796","I17 - All text in StatusMessage should be selected after clicking into the text field a single time","desktop-chrome","Mon Dec 09 22:59:13 GMT 2024","passed","Mon Dec 09 22:59:18 GMT 2024","Settings Profile Tests","07-settings-profile.spec.ts","",""
"","5327","I13 - Error message should appear if user tries to input chars that are not allowed or exceeds chars amount","mobile-chrome","Mon Dec 09 22:59:20 GMT 2024","passed","Mon Dec 09 22:59:25 GMT 2024","Settings Profile Tests","07-settings-profile.spec.ts","",""
"","5064","Q2 - User should be able to toggle on/off Friend Request Notifications","desktop-chrome","Mon Dec 09 23:03:07 GMT 2024","passed","Mon Dec 09 23:03:12 GMT 2024","Settings Notifications Tests","16-settings-notifications.spec.ts","",""
"","4968","Q4 - User should be able to toggle on/off Settings Notifications","desktop-chrome","Mon Dec 09 23:03:17 GMT 2024","passed","Mon Dec 09 23:03:22 GMT 2024","Settings Notifications Tests","16-settings-notifications.spec.ts","",""
"","4806","F13 - Files and folders are still visible after logging out and login again","mobile-chrome","Mon Dec 09 23:05:57 GMT 2024","skipped","Mon Dec 09 23:06:02 GMT 2024","Files Page Tests","24-files.spec.ts","",""
"","5484","Q1 - User should be able to toggle on/off Notifications","mobile-chrome","Mon Dec 09 23:03:37 GMT 2024","passed","Mon Dec 09 23:03:43 GMT 2024","Settings Notifications Tests","16-settings-notifications.spec.ts","",""
"","5026","I13 - Error message should appear if user tries to input chars that are not allowed or exceeds chars amount","desktop-chrome","Mon Dec 09 22:58:57 GMT 2024","passed","Mon Dec 09 22:59:02 GMT 2024","Settings Profile Tests","07-settings-profile.spec.ts","",""
"","5277","F14 - If user upload the same file again, file is uploaded but with different filename","desktop-chrome","Mon Dec 09 23:05:28 GMT 2024","passed","Mon Dec 09 23:05:33 GMT 2024","Files Page Tests","24-files.spec.ts","",""
"","6607","A12 - If incorrect pin is entered, error message should be displayed","mobile-chrome","Mon Dec 09 22:50:12 GMT 2024","passed","Mon Dec 09 22:50:19 GMT 2024","Create Account and Login Tests","01-pin-input.spec.ts","",""
"","3471","A4 - Clicking red reset button should erase any inputs made","mobile-chrome","Mon Dec 09 22:49:57 GMT 2024","passed","Mon Dec 09 22:50:01 GMT 2024","Create Account and Login Tests","01-pin-input.spec.ts","",""
"","1","K18 - Default Profile Picture Style dropdown should show expected default profile picture styles","mobile-chrome","Mon Dec 09 23:01:41 GMT 2024","skipped","Mon Dec 09 23:01:41 GMT 2024","Settings Customization Tests","09-settings-customizations.spec.ts","",""
"","4976","L3 - User should be able to toggle on and off emoji Spam/Bot detection & rejection","desktop-chrome","Mon Dec 09 23:01:25 GMT 2024","passed","Mon Dec 09 23:01:30 GMT 2024","Settings Messages Tests","10-settings-messages.spec.ts","",""
"","4511","A13 - If Stay Unlocked is toggled off, user be redirected to enter PIN when refreshing page","mobile-chrome","Mon Dec 09 22:50:19 GMT 2024","passed","Mon Dec 09 22:50:24 GMT 2024","Create Account and Login Tests","01-pin-input.spec.ts","",""
"","5831","R8 - Clicking DevMode button 10 times should enable DevMode","desktop-chrome","Mon Dec 09 23:03:49 GMT 2024","passed","Mon Dec 09 23:03:55 GMT 2024","Settings About Tests","18-settings-about.spec.ts","",""
"","29248","Videocall testing between two users - mute, unmute, fullscreen, expand/collapse call","mobile-chrome","Mon Dec 09 22:56:52 GMT 2024","passed","Mon Dec 09 22:57:21 GMT 2024","Two instances tests - Friends and Chats","03-friends-two-instances.spec.ts","",""
"","5179","I18 - Error message should appear if user inputs chars that are not allowed or exceeds limit","mobile-chrome","Mon Dec 09 22:59:42 GMT 2024","passed","Mon Dec 09 22:59:48 GMT 2024","Settings Profile Tests","07-settings-profile.spec.ts","",""
"","15000","A1, A9, A11 - Enter valid PIN redirects to Main Page","desktop-chrome","Mon Dec 09 22:49:35 GMT 2024","passed","Mon Dec 09 22:49:50 GMT 2024","Create Account and Login Tests","01-pin-input.spec.ts","",""
"","4995","O10 - Clicking the backwards arrow should revert specific custom keybinding","desktop-chrome","Mon Dec 09 23:02:51 GMT 2024","passed","Mon Dec 09 23:02:56 GMT 2024","Settings Keybinds Tests","13-settings-keybinds.spec.ts","",""
"","1","T4 - Clicking Clear State should clear users state","desktop-chrome","Mon Dec 09 23:04:13 GMT 2024","skipped","Mon Dec 09 23:04:13 GMT 2024","Settings Developer Tests","20-settings-developer.spec.ts","",""
"","4844","I18 - Error message should appear if user inputs chars that are not allowed or exceeds limit","desktop-chrome","Mon Dec 09 22:59:18 GMT 2024","passed","Mon Dec 09 22:59:23 GMT 2024","Settings Profile Tests","07-settings-profile.spec.ts","",""
"","5129","K3 - Selected Fonts should be applied everywhere throughout the app","desktop-chrome","Mon Dec 09 23:00:14 GMT 2024","passed","Mon Dec 09 23:00:19 GMT 2024","Settings Customization Tests","09-settings-customizations.spec.ts","",""
"","4779","I6 - Username should be displayed in the Username textbox","desktop-chrome","Mon Dec 09 22:58:27 GMT 2024","passed","Mon Dec 09 22:58:32 GMT 2024","Settings Profile Tests","07-settings-profile.spec.ts","",""
"","1","B8 to B14 - Quick Profile Remote - Updating username, status, banner and profile picture","desktop-chrome","Mon Dec 09 22:53:40 GMT 2024","skipped","Mon Dec 09 22:53:40 GMT 2024","Two instances tests - Friends and Chats","03-friends-two-instances.spec.ts","",""
"","6094","K5 - Font size should have a minimum of .82","desktop-chrome","Mon Dec 09 23:00:19 GMT 2024","passed","Mon Dec 09 23:00:25 GMT 2024","Settings Customization Tests","09-settings-customizations.spec.ts","",""
"","5279","I21 - Clicking Reveal Phrase should display the users Recovery Phrases","desktop-chrome","Mon Dec 09 22:59:33 GMT 2024","passed","Mon Dec 09 22:59:38 GMT 2024","Settings Profile Tests","07-settings-profile.spec.ts","",""
"","4904","F3, F4 - Amount of Free and Total should appear in Toolbar","desktop-chrome","Mon Dec 09 23:04:38 GMT 2024","passed","Mon Dec 09 23:04:43 GMT 2024","Files Page Tests","24-files.spec.ts","",""
"","5247","K19 - Default Profile Picture Style selected should be applied correctly in the app","mobile-chrome","Mon Dec 09 23:01:42 GMT 2024","passed","Mon Dec 09 23:01:47 GMT 2024","Settings Customization Tests","09-settings-customizations.spec.ts","",""
"","5264","I1 - Banner Picture - Tooltip displayed","mobile-chrome","Mon Dec 09 22:58:24 GMT 2024","passed","Mon Dec 09 22:58:30 GMT 2024","Settings Profile Tests","07-settings-profile.spec.ts","",""
"","4755","I25 - Support section tests","desktop-chrome","Mon Dec 09 22:59:53 GMT 2024","passed","Mon Dec 09 22:59:58 GMT 2024","Settings Profile Tests","07-settings-profile.spec.ts","",""
"","5054","C1 - Clicking Create Chat should open modal with option for Group Name and Group Members","mobile-chrome","Mon Dec 09 22:57:53 GMT 2024","passed","Mon Dec 09 22:57:58 GMT 2024","Chats Sidebar Tests","05-chats-sidebar.spec.ts","",""
"","4929","O3 - Action dropdown should display correct keybind actions","desktop-chrome","Mon Dec 09 23:02:26 GMT 2024","passed","Mon Dec 09 23:02:31 GMT 2024","Settings Keybinds Tests","13-settings-keybinds.spec.ts","",""
"","27963","B7, B57, B58 - Favorites tests","desktop-chrome","Mon Dec 09 22:52:32 GMT 2024","passed","Mon Dec 09 22:53:00 GMT 2024","Two instances tests - Friends and Chats","03-friends-two-instances.spec.ts","",""
"","0","B8 to B14 - Quick Profile Local and Remote -  Updating note","desktop-chrome","Mon Dec 09 22:53:40 GMT 2024","skipped","Mon Dec 09 22:53:40 GMT 2024","Two instances tests - Friends and Chats","03-friends-two-instances.spec.ts","",""
"","6401","I9, I10 - User should be able to change username and see toast notification of change","mobile-chrome","Mon Dec 09 22:59:03 GMT 2024","passed","Mon Dec 09 22:59:09 GMT 2024","Settings Profile Tests","07-settings-profile.spec.ts","",""
"","5593","Q4 - User should be able to toggle on/off Settings Notifications","mobile-chrome","Mon Dec 09 23:03:54 GMT 2024","passed","Mon Dec 09 23:03:59 GMT 2024","Settings Notifications Tests","16-settings-notifications.spec.ts","",""
"","5024","M6 - User should be able to toggle on and off Interface Sounds","desktop-chrome","Mon Dec 09 23:01:45 GMT 2024","passed","Mon Dec 09 23:01:50 GMT 2024","Settings Audio and Video Tests","11-settings-audio-video.spec.ts","",""
"","4992","O7 - Highlighted border should display when user clicks cancel","desktop-chrome","Mon Dec 09 23:02:36 GMT 2024","passed","Mon Dec 09 23:02:41 GMT 2024","Settings Keybinds Tests","13-settings-keybinds.spec.ts","",""
"","5571","M5 - User should be able to toggle on and off Echo Cancellation","mobile-chrome","Mon Dec 09 23:02:14 GMT 2024","passed","Mon Dec 09 23:02:20 GMT 2024","Settings Audio and Video Tests","11-settings-audio-video.spec.ts","",""
"","6655","R5 - Clicking Open Source Code should take you to the source code","mobile-chrome","Mon Dec 09 23:04:17 GMT 2024","passed","Mon Dec 09 23:04:24 GMT 2024","Settings About Tests","18-settings-about.spec.ts","",""
"","4872","O3 - Action dropdown should display correct keybind actions","mobile-chrome","Mon Dec 09 23:03:02 GMT 2024","skipped","Mon Dec 09 23:03:07 GMT 2024","Settings Keybinds Tests","13-settings-keybinds.spec.ts","",""
"","4748","O1, 06 - Message at top of page and custom keybinds listed correctly","mobile-chrome","Mon Dec 09 23:02:52 GMT 2024","skipped","Mon Dec 09 23:02:57 GMT 2024","Settings Keybinds Tests","13-settings-keybinds.spec.ts","",""
"","5244","R1 - ""About Uplink"" should appear at top of page","desktop-chrome","Mon Dec 09 23:03:22 GMT 2024","passed","Mon Dec 09 23:03:27 GMT 2024","Settings About Tests","18-settings-about.spec.ts","",""
"","4335","A13 - If Stay Unlocked is toggled off, user be redirected to enter PIN when refreshing page","desktop-chrome","Mon Dec 09 22:50:18 GMT 2024","passed","Mon Dec 09 22:50:22 GMT 2024","Create Account and Login Tests","01-pin-input.spec.ts","",""
"","4871","C4 - Clicking hamburger button should collapse sidebar","desktop-chrome","Mon Dec 09 22:57:53 GMT 2024","passed","Mon Dec 09 22:57:58 GMT 2024","Chats Sidebar Tests","05-chats-sidebar.spec.ts","",""
"","4999","C10 - Textbox should have highlighted border when clicking into Chat Search","desktop-chrome","Mon Dec 09 22:58:03 GMT 2024","passed","Mon Dec 09 22:58:08 GMT 2024","Chats Sidebar Tests","05-chats-sidebar.spec.ts","",""
"","5605","A17 - Download seed phrase file","mobile-chrome","Mon Dec 09 22:50:39 GMT 2024","passed","Mon Dec 09 22:50:45 GMT 2024","Create Account and Login Tests","01-pin-input.spec.ts","",""
"","5340","O2, 04 - Clicking a key should activate the Recorded Keys - User can save keybind","desktop-chrome","Mon Dec 09 23:02:20 GMT 2024","passed","Mon Dec 09 23:02:26 GMT 2024","Settings Keybinds Tests","13-settings-keybinds.spec.ts","",""
"","5556","R2 - Current version of Uplink should be displayed","mobile-chrome","Mon Dec 09 23:04:05 GMT 2024","passed","Mon Dec 09 23:04:10 GMT 2024","Settings About Tests","18-settings-about.spec.ts","",""
"","6469","A12 - If incorrect pin is entered, error message should be displayed","desktop-chrome","Mon Dec 09 22:50:11 GMT 2024","passed","Mon Dec 09 22:50:18 GMT 2024","Create Account and Login Tests","01-pin-input.spec.ts","",""
"","4805","I19 - Status dropdown should show Online, Offline, Idle, Do not Disturb","desktop-chrome","Mon Dec 09 22:59:23 GMT 2024","passed","Mon Dec 09 22:59:27 GMT 2024","Settings Profile Tests","07-settings-profile.spec.ts","",""
"","13890","H21 - User can send a friend request and cancel request before other user replies to it","mobile-chrome","Mon Dec 09 22:52:05 GMT 2024","passed","Mon Dec 09 22:52:19 GMT 2024","Two instances tests - Friends and Chats","03-friends-two-instances.spec.ts","",""
"","4810","I1 - Banner Picture - Tooltip displayed","desktop-chrome","Mon Dec 09 22:58:08 GMT 2024","passed","Mon Dec 09 22:58:13 GMT 2024","Settings Profile Tests","07-settings-profile.spec.ts","",""
"","27745","B7, B57, B58 - Favorites tests","mobile-chrome","Mon Dec 09 22:52:36 GMT 2024","passed","Mon Dec 09 22:53:04 GMT 2024","Two instances tests - Friends and Chats","03-friends-two-instances.spec.ts","",""
"","5821","K13 - Selected primary color should be applied throughout the entire app","desktop-chrome","Mon Dec 09 23:00:54 GMT 2024","passed","Mon Dec 09 23:01:00 GMT 2024","Settings Customization Tests","09-settings-customizations.spec.ts","",""
"","4948","I4 - Clicking upload picture on Profile picture should open File Browser","desktop-chrome","Mon Dec 09 22:58:18 GMT 2024","passed","Mon Dec 09 22:58:22 GMT 2024","Settings Profile Tests","07-settings-profile.spec.ts","",""
"","6855","H1, H2, H3, H4, H5, H8 - Navigate through friends pages and validate UI elements","desktop-chrome","Mon Dec 09 22:50:51 GMT 2024","passed","Mon Dec 09 22:50:58 GMT 2024","Friends tests","02-friends-one-instance.spec.ts","",""
"","4654","C2 - Hovering over Create Chat should show tooltips","desktop-chrome","Mon Dec 09 22:57:43 GMT 2024","passed","Mon Dec 09 22:57:48 GMT 2024","Chats Sidebar Tests","05-chats-sidebar.spec.ts","",""
"","6101","K13 - Selected primary color should be applied throughout the entire app","mobile-chrome","Mon Dec 09 23:01:24 GMT 2024","passed","Mon Dec 09 23:01:30 GMT 2024","Settings Customization Tests","09-settings-customizations.spec.ts","",""
"","6158","T6 - Highlighted border should appear around Load MockData when clicked","desktop-chrome","Mon Dec 09 23:04:19 GMT 2024","passed","Mon Dec 09 23:04:25 GMT 2024","Settings Developer Tests","20-settings-developer.spec.ts","",""
"","5065","R2 - Current version of Uplink should be displayed","desktop-chrome","Mon Dec 09 23:03:27 GMT 2024","passed","Mon Dec 09 23:03:32 GMT 2024","Settings About Tests","18-settings-about.spec.ts","",""
"","5147","I25 - Support section tests","mobile-chrome","Mon Dec 09 23:00:21 GMT 2024","passed","Mon Dec 09 23:00:26 GMT 2024","Settings Profile Tests","07-settings-profile.spec.ts","",""
"","5889","K1 - Language dropdown should display English","mobile-chrome","Mon Dec 09 23:00:37 GMT 2024","passed","Mon Dec 09 23:00:43 GMT 2024","Settings Customization Tests","09-settings-customizations.spec.ts","",""
"","5074","I8 - Short ID Context menu should allow to copy DID or Short ID intoto clipboard","desktop-chrome","Mon Dec 09 22:58:37 GMT 2024","passed","Mon Dec 09 22:58:42 GMT 2024","Settings Profile Tests","07-settings-profile.spec.ts","",""
"","4951","I5 - Profile picture shows default profile picture until custom profile picture is set","desktop-chrome","Mon Dec 09 22:58:22 GMT 2024","passed","Mon Dec 09 22:58:27 GMT 2024","Settings Profile Tests","07-settings-profile.spec.ts","",""
"","4787","F12 - User can upload files in subfolder folder","mobile-chrome","Mon Dec 09 23:05:53 GMT 2024","skipped","Mon Dec 09 23:05:57 GMT 2024","Files Page Tests","24-files.spec.ts","",""
"","16066","H15 - User should be removed from friends list after clicking unfriend","mobile-chrome","Mon Dec 09 22:51:16 GMT 2024","passed","Mon Dec 09 22:51:32 GMT 2024","Two instances tests - Friends and Chats","03-friends-two-instances.spec.ts","",""
"","5064","M5 - User should be able to toggle on and off Echo Cancellation","desktop-chrome","Mon Dec 09 23:01:40 GMT 2024","passed","Mon Dec 09 23:01:45 GMT 2024","Settings Audio and Video Tests","11-settings-audio-video.spec.ts","",""
"","17876","B18 and B19, B23 to B25 - Chats Context Menu tests","mobile-chrome","Mon Dec 09 22:53:45 GMT 2024","passed","Mon Dec 09 22:54:03 GMT 2024","Two instances tests - Friends and Chats","03-friends-two-instances.spec.ts","",""
"","5866","T1, T2 - Clicking Exit Devmode should exit user out of Devmode","desktop-chrome","Mon Dec 09 23:04:01 GMT 2024","passed","Mon Dec 09 23:04:07 GMT 2024","Settings Developer Tests","20-settings-developer.spec.ts","",""
"","19042","B20 - Pin Messages Tests","desktop-chrome","Mon Dec 09 22:53:57 GMT 2024","passed","Mon Dec 09 22:54:16 GMT 2024","Two instances tests - Friends and Chats","03-friends-two-instances.spec.ts","",""
"","20335","B66 - Sending and receiving emojis and emoji picker tests","desktop-chrome","Mon Dec 09 22:55:12 GMT 2024","passed","Mon Dec 09 22:55:32 GMT 2024","Two instances tests - Friends and Chats","03-friends-two-instances.spec.ts","",""
"","4986","C2 - Hovering over Create Chat should show tooltips","mobile-chrome","Mon Dec 09 22:57:58 GMT 2024","passed","Mon Dec 09 22:58:03 GMT 2024","Chats Sidebar Tests","05-chats-sidebar.spec.ts","",""
"","4866","A14 - If Stay Unlocked is toggled on, user should be redirected to enter PIN after logging off","desktop-chrome","Mon Dec 09 22:50:22 GMT 2024","passed","Mon Dec 09 22:50:27 GMT 2024","Create Account and Login Tests","01-pin-input.spec.ts","",""
